level,name,symbol,parent,nse_industry,member_count,source_url,error,stage,stage2_score,close,weekly_ma,weekly_ma_slope_4w_pct,rs_vs_benchmark,checks,rrg_quadrant,rrg_quadrant_5d_ago,rs_ratio,rs_momentum,rs_ratio_5d_delta,rs_momentum_5d_delta,moving_to_leading,improving_toward_leading,rrg_tail,just_entered_leading
industry,2/3 Wheelers,equal_weight_top_members,Automobile and Auto Components,Automobiles,9,https://www.screener.in/market/IN02/IN0201/IN020101/IN020101002/,,not_stage_2,1,115.67,116.64,-0.43,0.00481,"{'price_above_30w_ma': False, '30w_ma_rising': False, 'price_above_10w_ma': False, 'relative_strength_positive': False, 'near_52w_high': True}",lagging,lagging,99.0,96.86,-0.02,-1.01,False,False,2026-06-19 ratio=99.03 momentum=97.87; 2026-06-22 ratio=99.28 momentum=98.23; 2026-06-23 ratio=99.86 momentum=97.98; 2026-06-24 ratio=98.73 momentum=96.31; 2026-06-25 ratio=99.00 momentum=96.86,False
industry,Abrasives & Bearings,equal_weight_top_members,Capital Goods,Industrial Products,8,https://www.screener.in/market/IN07/IN0702/IN070205/IN070205016/,,stage_2,5,100.39,90.54,0.79,0.00417,"{'price_above_30w_ma': True, '30w_ma_rising': True, 'price_above_10w_ma': True, 'relative_strength_positive': True, 'near_52w_high': True}",leading,leading,101.14,101.33,-0.6,-1.24,False,False,2026-06-19 ratio=101.74 momentum=102.56; 2026-06-22 ratio=101.59 momentum=101.20; 2026-06-23 ratio=101.86 momentum=102.22; 2026-06-24 ratio=101.13 momentum=100.48; 2026-06-25 ratio=101.14 momentum=101.33,False
industry,Advertising & Media Agencies,equal_weight_top_members,"Media, Entertainment & Publication",Media,10,https://www.screener.in/market/IN02/IN0204/IN020401/IN020401001/,,not_stage_2,0,69.77,93.37,-4.84,0.0029,"{'price_above_30w_ma': False, '30w_ma_rising': False, 'price_above_10w_ma': False, 'relative_strength_positive': False, 'near_52w_high': False}",improving,improving,98.56,101.69,0.21,-1.71,False,False,2026-06-19 ratio=98.35 momentum=103.40; 2026-06-22 ratio=98.47 momentum=104.17; 2026-06-23 ratio=98.45 momentum=103.42; 2026-06-24 ratio=98.51 momentum=104.03; 2026-06-25 ratio=98.56 momentum=101.69,False
industry,Aerospace & Defense,equal_weight_top_members,Capital Goods,Aerospace & Defense,10,https://www.screener.in/market/IN07/IN0702/IN070201/IN070201001/,,stage_2,5,243.58,157.65,7.24,0.01013,"{'price_above_30w_ma': True, '30w_ma_rising': True, 'price_above_10w_ma': True, 'relative_strength_positive': True, 'near_52w_high': True}",leading,leading,101.76,100.71,-0.12,0.26,False,False,2026-06-19 ratio=101.88 momentum=100.44; 2026-06-22 ratio=101.92 momentum=102.16; 2026-06-23 ratio=101.99 momentum=101.32; 2026-06-24 ratio=101.86 momentum=101.00; 2026-06-25 ratio=101.76 momentum=100.71,False
industry,Aluminium,equal_weight_top_members,Metals & Mining,Non - Ferrous Metals,8,https://www.screener.in/market/IN01/IN0103/IN010302/IN010302001/,,not_stage_2,2,150.87,153.69,2.42,0.00627,"{'price_above_30w_ma': False, '30w_ma_rising': True, 'price_above_10w_ma': False, 'relative_strength_positive': False, 'near_52w_high': True}",lagging,lagging,97.4,96.74,-1.61,-0.85,False,False,2026-06-19 ratio=99.01 momentum=97.58; 2026-06-22 ratio=99.18 momentum=98.54; 2026-06-23 ratio=98.24 momentum=95.62; 2026-06-24 ratio=97.80 momentum=95.79; 2026-06-25 ratio=97.40 momentum=96.74,False
industry,"Aluminium, Copper & Zinc Products",equal_weight_top_members,Capital Goods,Industrial Products,10,https://www.screener.in/market/IN07/IN0702/IN070205/IN070205014/,,stage_2,5,141.77,126.03,2.33,0.00589,"{'price_above_30w_ma': True, '30w_ma_rising': True, 'price_above_10w_ma': True, 'relative_strength_positive': True, 'near_52w_high': True}",leading,weakening,100.29,100.43,-0.11,3.4,False,False,2026-06-19 ratio=100.40 momentum=97.03; 2026-06-22 ratio=100.89 momentum=101.00; 2026-06-23 ratio=100.92 momentum=100.66; 2026-06-24 ratio=101.00 momentum=102.07; 2026-06-25 ratio=100.29 momentum=100.43,False
industry,Amusement Parks/ Other Recreation,equal_weight_top_members,Consumer Services,Leisure Services,3,https://www.screener.in/market/IN02/IN0206/IN020601/IN020601003/,,not_stage_2,2,72.03,71.33,-1.47,0.00299,"{'price_above_30w_ma': True, '30w_ma_rising': False, 'price_above_10w_ma': True, 'relative_strength_positive': False, 'near_52w_high': False}",improving,lagging,99.82,102.47,0.96,4.98,False,True,2026-06-19 ratio=98.86 momentum=97.49; 2026-06-22 ratio=99.73 momentum=100.54; 2026-06-23 ratio=99.80 momentum=100.72; 2026-06-24 ratio=100.05 momentum=101.90; 2026-06-25 ratio=99.82 momentum=102.47,False
industry,Animal Feed,equal_weight_top_members,Fast Moving Consumer Goods,Food Products,5,https://www.screener.in/market/IN04/IN0401/IN040104/IN040104001/,,stage_2,4,121.7,112.81,2.4,0.00506,"{'price_above_30w_ma': True, '30w_ma_rising': True, 'price_above_10w_ma': True, 'relative_strength_positive': False, 'near_52w_high': True}",improving,lagging,99.8,102.7,2.33,4.7,False,True,2026-06-19 ratio=97.47 momentum=98.00; 2026-06-22 ratio=98.08 momentum=99.21; 2026-06-23 ratio=98.51 momentum=99.46; 2026-06-24 ratio=98.89 momentum=95.41; 2026-06-25 ratio=99.80 momentum=102.70,False
industry,Asset Management Company,equal_weight_top_members,Financial Services,Capital Markets,7,https://www.screener.in/market/IN05/IN0501/IN050103/IN050103001/,,stage_2,5,128.22,115.9,1.65,0.00533,"{'price_above_30w_ma': True, '30w_ma_rising': True, 'price_above_10w_ma': True, 'relative_strength_positive': True, 'near_52w_high': True}",leading,leading,100.97,100.66,-1.34,-1.75,False,False,2026-06-19 ratio=102.31 momentum=102.41; 2026-06-22 ratio=102.02 momentum=102.54; 2026-06-23 ratio=102.39 momentum=102.39; 2026-06-24 ratio=101.70 momentum=100.80; 2026-06-25 ratio=100.97 momentum=100.66,False
industry,Auto Components & Equipments,equal_weight_top_members,Automobile and Auto Components,Auto Components,10,https://www.screener.in/market/IN02/IN0201/IN020102/IN020102001/,,stage_2,5,133.45,119.18,1.5,0.00555,"{'price_above_30w_ma': True, '30w_ma_rising': True, 'price_above_10w_ma': True, 'relative_strength_positive': True, 'near_52w_high': True}",leading,weakening,101.52,101.38,0.01,1.99,True,False,2026-06-19 ratio=101.51 momentum=99.39; 2026-06-22 ratio=101.57 momentum=101.44; 2026-06-23 ratio=101.89 momentum=101.13; 2026-06-24 ratio=101.55 momentum=100.41; 2026-06-25 ratio=101.52 momentum=101.38,True
industry,Breweries & Distilleries,equal_weight_top_members,Fast Moving Consumer Goods,Beverages,10,https://www.screener.in/market/IN04/IN0401/IN040102/IN040102001/,,not_stage_2,4,120.91,117.4,-1.59,0.00503,"{'price_above_30w_ma': True, '30w_ma_rising': False, 'price_above_10w_ma': True, 'relative_strength_positive': True, 'near_52w_high': True}",weakening,leading,100.39,99.74,-0.21,-1.76,False,False,2026-06-19 ratio=100.60 momentum=101.50; 2026-06-22 ratio=100.49 momentum=100.39; 2026-06-23 ratio=100.39 momentum=98.89; 2026-06-24 ratio=100.37 momentum=100.47; 2026-06-25 ratio=100.39 momentum=99.74,False
industry,Business Process Outsourcing (BPO)/ Knowledge Process Outsourcing (KPO),equal_weight_top_members,Services,Commercial Services & Supplies,10,https://www.screener.in/market/IN09/IN0901/IN090104/IN090104005/,,not_stage_2,1,89.88,96.86,-1.75,0.00374,"{'price_above_30w_ma': False, '30w_ma_rising': False, 'price_above_10w_ma': False, 'relative_strength_positive': False, 'near_52w_high': True}",lagging,lagging,98.2,95.84,-0.08,-0.62,False,False,2026-06-19 ratio=98.28 momentum=96.46; 2026-06-22 ratio=98.36 momentum=94.72; 2026-06-23 ratio=98.35 momentum=95.22; 2026-06-24 ratio=98.17 momentum=94.84; 2026-06-25 ratio=98.20 momentum=95.84,False
industry,Cables - Electricals,equal_weight_top_members,Capital Goods,Industrial Products,10,https://www.screener.in/market/IN07/IN0702/IN070205/IN070205003/,,stage_2,5,201.73,139.47,6.95,0.00839,"{'price_above_30w_ma': True, '30w_ma_rising': True, 'price_above_10w_ma': True, 'relative_strength_positive': True, 'near_52w_high': True}",leading,weakening,101.36,100.74,-0.36,2.23,False,False,2026-06-19 ratio=101.71 momentum=98.51; 2026-06-22 ratio=101.72 momentum=100.90; 2026-06-23 ratio=101.62 momentum=100.04; 2026-06-24 ratio=101.53 momentum=100.60; 2026-06-25 ratio=101.36 momentum=100.74,False
industry,Cigarettes & Tobacco Products,equal_weight_top_members,Fast Moving Consumer Goods,Cigarettes & Tobacco Products,4,https://www.screener.in/market/IN04/IN0401/IN040103/IN040103001/,,not_stage_2,2,85.37,86.33,-2.71,0.00355,"{'price_above_30w_ma': False, '30w_ma_rising': False, 'price_above_10w_ma': True, 'relative_strength_positive': True, 'near_52w_high': False}",leading,lagging,100.47,100.23,2.21,1.42,True,False,2026-06-19 ratio=98.26 momentum=98.81; 2026-06-22 ratio=98.44 momentum=98.92; 2026-06-23 ratio=99.34 momentum=99.40; 2026-06-24 ratio=100.70 momentum=99.10; 2026-06-25 ratio=100.47 momentum=100.23,False
industry,Consulting Services,equal_weight_top_members,Services,Commercial Services & Supplies,5,https://www.screener.in/market/IN09/IN0901/IN090104/IN090104002/,,not_stage_2,2,90.67,89.38,-0.56,0.00377,"{'price_above_30w_ma': True, '30w_ma_rising': False, 'price_above_10w_ma': False, 'relative_strength_positive': False, 'near_52w_high': True}",lagging,lagging,99.03,92.39,0.11,-4.8,False,False,2026-06-19 ratio=98.92 momentum=97.19; 2026-06-22 ratio=99.02 momentum=97.56; 2026-06-23 ratio=99.18 momentum=98.03; 2026-06-24 ratio=99.00 momentum=97.39; 2026-06-25 ratio=99.03 momentum=92.39,False
industry,E-Learning,equal_weight_top_members,Consumer Services,Other Consumer Services,7,https://www.screener.in/market/IN02/IN0206/IN020602/IN020602002/,,not_stage_2,4,104.57,95.7,-2.58,0.00435,"{'price_above_30w_ma': True, '30w_ma_rising': False, 'price_above_10w_ma': True, 'relative_strength_positive': True, 'near_52w_high': True}",weakening,weakening,100.73,96.39,0.32,-0.17,False,False,2026-06-19 ratio=100.40 momentum=96.55; 2026-06-22 ratio=100.32 momentum=95.89; 2026-06-23 ratio=100.71 momentum=96.70; 2026-06-24 ratio=100.69 momentum=96.54; 2026-06-25 ratio=100.73 momentum=96.39,False
industry,"Film Production, Distribution & Exhibition",equal_weight_top_members,"Media, Entertainment & Publication",Entertainment,10,https://www.screener.in/market/IN02/IN0204/IN020402/IN020402001/,,not_stage_2,1,86.21,87.23,-1.81,0.00358,"{'price_above_30w_ma': False, '30w_ma_rising': False, 'price_above_10w_ma': False, 'relative_strength_positive': False, 'near_52w_high': True}",lagging,lagging,99.05,97.06,-0.8,0.89,False,False,2026-06-19 ratio=99.85 momentum=96.17; 2026-06-22 ratio=99.88 momentum=96.82; 2026-06-23 ratio=99.43 momentum=95.38; 2026-06-24 ratio=98.72 momentum=96.18; 2026-06-25 ratio=99.05 momentum=97.06,False
industry,Footwear,equal_weight_top_members,Consumer Durables,Consumer Durables,9,https://www.screener.in/market/IN02/IN0202/IN020201/IN020201017/,,not_stage_2,3,81.03,78.66,-2.54,0.00337,"{'price_above_30w_ma': True, '30w_ma_rising': False, 'price_above_10w_ma': True, 'relative_strength_positive': True, 'near_52w_high': False}",leading,leading,102.71,102.91,0.86,2.03,False,False,2026-06-19 ratio=101.85 momentum=100.88; 2026-06-22 ratio=101.76 momentum=101.33; 2026-06-23 ratio=101.89 momentum=100.99; 2026-06-24 ratio=101.44 momentum=100.84; 2026-06-25 ratio=102.71 momentum=102.91,False
industry,General Insurance,equal_weight_top_members,Financial Services,Insurance,6,https://www.screener.in/market/IN05/IN0501/IN050104/IN050104001/,,not_stage_2,4,108.56,101.66,-0.18,0.00451,"{'price_above_30w_ma': True, '30w_ma_rising': False, 'price_above_10w_ma': True, 'relative_strength_positive': True, 'near_52w_high': True}",leading,leading,101.43,100.79,-1.83,-1.27,False,False,2026-06-19 ratio=103.26 momentum=102.06; 2026-06-22 ratio=103.56 momentum=101.91; 2026-06-23 ratio=103.08 momentum=101.33; 2026-06-24 ratio=101.99 momentum=100.85; 2026-06-25 ratio=101.43 momentum=100.79,False
industry,Household Appliances,equal_weight_top_members,Consumer Durables,Consumer Durables,10,https://www.screener.in/market/IN02/IN0202/IN020201/IN020201007/,,not_stage_2,1,93.15,94.52,-2.07,0.00387,"{'price_above_30w_ma': False, '30w_ma_rising': False, 'price_above_10w_ma': False, 'relative_strength_positive': False, 'near_52w_high': True}",lagging,lagging,99.26,99.2,-0.65,0.39,False,False,2026-06-19 ratio=99.91 momentum=98.81; 2026-06-22 ratio=100.04 momentum=100.47; 2026-06-23 ratio=99.98 momentum=99.21; 2026-06-24 ratio=99.61 momentum=98.88; 2026-06-25 ratio=99.26 momentum=99.20,False
industry,LPG/CNG/PNG/LNG Supplier,equal_weight_top_members,"Oil, Gas & Consumable Fuels",Gas,7,https://www.screener.in/market/IN03/IN0301/IN030101/IN030101003/,,stage_2,5,95.57,85.76,0.88,0.00397,"{'price_above_30w_ma': True, '30w_ma_rising': True, 'price_above_10w_ma': True, 'relative_strength_positive': True, 'near_52w_high': True}",weakening,weakening,100.45,97.28,-0.6,-0.04,False,False,2026-06-19 ratio=101.06 momentum=97.32; 2026-06-22 ratio=100.91 momentum=96.04; 2026-06-23 ratio=100.90 momentum=95.95; 2026-06-24 ratio=100.80 momentum=96.91; 2026-06-25 ratio=100.45 momentum=97.28,False
industry,Life Insurance,equal_weight_top_members,Financial Services,Insurance,6,https://www.screener.in/market/IN05/IN0501/IN050104/IN050104002/,,not_stage_2,1,97.44,104.74,-1.84,0.00405,"{'price_above_30w_ma': False, '30w_ma_rising': False, 'price_above_10w_ma': False, 'relative_strength_positive': False, 'near_52w_high': True}",improving,leading,98.77,100.87,-1.36,-0.58,False,False,2026-06-19 ratio=100.13 momentum=101.45; 2026-06-22 ratio=100.31 momentum=101.67; 2026-06-23 ratio=100.60 momentum=101.66; 2026-06-24 ratio=99.74 momentum=101.45; 2026-06-25 ratio=98.77 momentum=100.87,False
industry,Logistics Solution Provider,equal_weight_top_members,Services,Transport Services,10,https://www.screener.in/market/IN09/IN0901/IN090102/IN090102002/,,not_stage_2,3,101.42,100.44,-0.69,0.00422,"{'price_above_30w_ma': True, '30w_ma_rising': False, 'price_above_10w_ma': True, 'relative_strength_positive': False, 'near_52w_high': True}",improving,leading,99.73,101.18,-0.59,0.19,False,False,2026-06-19 ratio=100.33 momentum=100.99; 2026-06-22 ratio=100.84 momentum=101.74; 2026-06-23 ratio=101.06 momentum=101.03; 2026-06-24 ratio=101.17 momentum=102.09; 2026-06-25 ratio=99.73 momentum=101.18,False
industry,Lubricants,equal_weight_top_members,"Oil, Gas & Consumable Fuels",Petroleum Products,9,https://www.screener.in/market/IN03/IN0301/IN030103/IN030103002/,,stage_2,5,104.65,92.68,1.15,0.00435,"{'price_above_30w_ma': True, '30w_ma_rising': True, 'price_above_10w_ma': True, 'relative_strength_positive': True, 'near_52w_high': True}",weakening,weakening,101.12,97.77,-1.18,-0.74,False,False,2026-06-19 ratio=102.30 momentum=98.50; 2026-06-22 ratio=102.08 momentum=99.29; 2026-06-23 ratio=102.01 momentum=97.87; 2026-06-24 ratio=101.72 momentum=97.93; 2026-06-25 ratio=101.12 momentum=97.77,False
industry,Meat Products including Poultry,equal_weight_top_members,Fast Moving Consumer Goods,Food Products,3,https://www.screener.in/market/IN04/IN0401/IN040104/IN040104006/,,stage_2,5,145.01,119.41,0.6,0.00603,"{'price_above_30w_ma': True, '30w_ma_rising': True, 'price_above_10w_ma': True, 'relative_strength_positive': True, 'near_52w_high': True}",leading,weakening,102.0,101.96,0.94,5.52,True,False,2026-06-19 ratio=101.06 momentum=96.44; 2026-06-22 ratio=101.41 momentum=97.45; 2026-06-23 ratio=101.36 momentum=95.53; 2026-06-24 ratio=101.92 momentum=99.44; 2026-06-25 ratio=102.00 momentum=101.96,True
industry,Media & Entertainment,equal_weight_top_members,"Media, Entertainment & Publication",Entertainment,10,https://www.screener.in/market/IN02/IN0204/IN020402/IN020402003/,,not_stage_2,1,102.95,105.25,-0.52,0.00428,"{'price_above_30w_ma': False, '30w_ma_rising': False, 'price_above_10w_ma': False, 'relative_strength_positive': False, 'near_52w_high': True}",improving,lagging,98.83,100.17,-0.46,1.3,False,False,2026-06-19 ratio=99.28 momentum=98.87; 2026-06-22 ratio=99.24 momentum=98.40; 2026-06-23 ratio=99.08 momentum=99.63; 2026-06-24 ratio=98.77 momentum=99.81; 2026-06-25 ratio=98.83 momentum=100.17,False
industry,Medical Equipment & Supplies,equal_weight_top_members,Healthcare,Healthcare Equipment & Supplies,10,https://www.screener.in/market/IN06/IN0601/IN060102/IN060102001/,,not_stage_2,4,79.56,78.07,-2.23,0.00331,"{'price_above_30w_ma': True, '30w_ma_rising': False, 'price_above_10w_ma': True, 'relative_strength_positive': True, 'near_52w_high': True}",leading,leading,101.06,101.68,-0.21,0.91,False,False,2026-06-19 ratio=101.26 momentum=100.77; 2026-06-22 ratio=101.75 momentum=101.97; 2026-06-23 ratio=101.30 momentum=100.98; 2026-06-24 ratio=101.13 momentum=101.52; 2026-06-25 ratio=101.06 momentum=101.68,False
industry,Microfinance Institutions,equal_weight_top_members,Financial Services,Finance,5,https://www.screener.in/market/IN05/IN0501/IN050101/IN050101007/,,stage_2,5,123.1,104.8,1.71,0.00512,"{'price_above_30w_ma': True, '30w_ma_rising': True, 'price_above_10w_ma': True, 'relative_strength_positive': True, 'near_52w_high': True}",leading,weakening,101.31,104.17,0.37,4.27,True,False,2026-06-19 ratio=100.93 momentum=99.90; 2026-06-22 ratio=100.92 momentum=101.06; 2026-06-23 ratio=100.79 momentum=99.81; 2026-06-24 ratio=101.33 momentum=102.36; 2026-06-25 ratio=101.31 momentum=104.17,True
industry,Non Banking Financial Company (NBFC),equal_weight_top_members,Financial Services,Finance,10,https://www.screener.in/market/IN05/IN0501/IN050101/IN050101004/,,not_stage_2,3,124.2,125.07,-0.97,0.00516,"{'price_above_30w_ma': False, '30w_ma_rising': False, 'price_above_10w_ma': True, 'relative_strength_positive': True, 'near_52w_high': True}",leading,improving,101.2,106.2,1.32,4.8,True,False,2026-06-19 ratio=99.88 momentum=101.41; 2026-06-22 ratio=100.10 momentum=102.43; 2026-06-23 ratio=100.15 momentum=102.00; 2026-06-24 ratio=100.98 momentum=103.67; 2026-06-25 ratio=101.20 momentum=106.20,False
industry,Offshore Support Solution Drilling,equal_weight_top_members,"Oil, Gas & Consumable Fuels",Oil,5,https://www.screener.in/market/IN03/IN0301/IN030102/IN030102002/,,not_stage_2,0,80.51,85.67,-1.62,0.00335,"{'price_above_30w_ma': False, '30w_ma_rising': False, 'price_above_10w_ma': False, 'relative_strength_positive': False, 'near_52w_high': False}",lagging,lagging,98.05,95.81,-0.9,-1.33,False,False,2026-06-19 ratio=98.95 momentum=97.14; 2026-06-22 ratio=98.87 momentum=97.28; 2026-06-23 ratio=99.16 momentum=97.70; 2026-06-24 ratio=98.56 momentum=97.24; 2026-06-25 ratio=98.05 momentum=95.81,False
industry,Oil Equipment & Services,equal_weight_top_members,"Oil, Gas & Consumable Fuels",Oil,3,https://www.screener.in/market/IN03/IN0301/IN030102/IN030102004/,,stage_2,5,107.23,93.64,0.69,0.00446,"{'price_above_30w_ma': True, '30w_ma_rising': True, 'price_above_10w_ma': True, 'relative_strength_positive': True, 'near_52w_high': True}",weakening,weakening,100.48,95.8,-0.09,-0.98,False,False,2026-06-19 ratio=100.57 momentum=96.78; 2026-06-22 ratio=100.64 momentum=97.27; 2026-06-23 ratio=100.66 momentum=96.50; 2026-06-24 ratio=100.60 momentum=97.35; 2026-06-25 ratio=100.48 momentum=95.80,False
industry,Oil Exploration & Production,equal_weight_top_members,"Oil, Gas & Consumable Fuels",Oil,7,https://www.screener.in/market/IN03/IN0301/IN030102/IN030102001/,,not_stage_2,3,105.6,102.76,1.37,0.00439,"{'price_above_30w_ma': True, '30w_ma_rising': True, 'price_above_10w_ma': False, 'relative_strength_positive': False, 'near_52w_high': True}",lagging,lagging,98.92,94.03,-0.24,-3.38,False,False,2026-06-19 ratio=99.16 momentum=97.41; 2026-06-22 ratio=99.38 momentum=97.00; 2026-06-23 ratio=99.28 momentum=96.48; 2026-06-24 ratio=99.19 momentum=97.20; 2026-06-25 ratio=98.92 momentum=94.03,False
industry,Other Agricultural Products,equal_weight_top_members,Fast Moving Consumer Goods,Agricultural Food & other Products,10,https://www.screener.in/market/IN04/IN0401/IN040101/IN040101004/,,not_stage_2,3,106.28,104.05,0.5,0.00442,"{'price_above_30w_ma': True, '30w_ma_rising': True, 'price_above_10w_ma': False, 'relative_strength_positive': False, 'near_52w_high': True}",lagging,lagging,98.81,99.46,-0.15,3.76,False,False,2026-06-19 ratio=98.96 momentum=95.70; 2026-06-22 ratio=99.50 momentum=97.55; 2026-06-23 ratio=99.33 momentum=98.41; 2026-06-24 ratio=99.44 momentum=100.73; 2026-06-25 ratio=98.81 momentum=99.46,False
industry,Other Bank,equal_weight_top_members,Financial Services,Banks,9,https://www.screener.in/market/IN05/IN0501/IN050102/IN050102003/,,stage_2,5,105.92,99.05,0.14,0.0044,"{'price_above_30w_ma': True, '30w_ma_rising': True, 'price_above_10w_ma': True, 'relative_strength_positive': True, 'near_52w_high': True}",leading,leading,100.94,100.82,-1.04,-1.82,False,False,2026-06-19 ratio=101.99 momentum=102.64; 2026-06-22 ratio=101.67 momentum=101.88; 2026-06-23 ratio=101.55 momentum=100.72; 2026-06-24 ratio=101.49 momentum=101.79; 2026-06-25 ratio=100.94 momentum=100.82,False
industry,Other Construction Materials,equal_weight_top_members,Construction Materials,Other Construction Materials,8,https://www.screener.in/market/IN01/IN0102/IN010204/IN010204001/,,not_stage_2,4,89.26,84.46,-1.72,0.00371,"{'price_above_30w_ma': True, '30w_ma_rising': False, 'price_above_10w_ma': True, 'relative_strength_positive': True, 'near_52w_high': True}",leading,weakening,101.98,103.7,1.56,4.34,True,False,2026-06-19 ratio=100.41 momentum=99.36; 2026-06-22 ratio=100.56 momentum=99.94; 2026-06-23 ratio=100.48 momentum=100.33; 2026-06-24 ratio=100.52 momentum=102.29; 2026-06-25 ratio=101.98 momentum=103.70,False
industry,Other Consumer Services,equal_weight_top_members,Consumer Services,Other Consumer Services,6,https://www.screener.in/market/IN02/IN0206/IN020602/IN020602004/,,not_stage_2,1,91.26,99.07,-2.38,0.00379,"{'price_above_30w_ma': False, '30w_ma_rising': False, 'price_above_10w_ma': False, 'relative_strength_positive': False, 'near_52w_high': True}",lagging,lagging,98.21,95.7,-0.22,-1.44,False,False,2026-06-19 ratio=98.44 momentum=97.15; 2026-06-22 ratio=98.08 momentum=96.99; 2026-06-23 ratio=98.18 momentum=96.37; 2026-06-24 ratio=98.25 momentum=96.89; 2026-06-25 ratio=98.21 momentum=95.70,False
industry,Other Industrial Products,equal_weight_top_members,Capital Goods,Industrial Products,10,https://www.screener.in/market/IN07/IN0702/IN070205/IN070205012/,,stage_2,5,136.19,118.92,0.95,0.00566,"{'price_above_30w_ma': True, '30w_ma_rising': True, 'price_above_10w_ma': True, 'relative_strength_positive': True, 'near_52w_high': True}",leading,leading,101.4,100.84,-0.05,-2.84,False,False,2026-06-19 ratio=101.46 momentum=103.68; 2026-06-22 ratio=102.03 momentum=103.90; 2026-06-23 ratio=102.09 momentum=102.78; 2026-06-24 ratio=101.72 momentum=101.28; 2026-06-25 ratio=101.40 momentum=100.84,False
industry,Passenger Cars & Utility Vehicles,equal_weight_top_members,Automobile and Auto Components,Automobiles,8,https://www.screener.in/market/IN02/IN0201/IN020101/IN020101001/,,not_stage_2,3,114.96,115.72,-1.02,0.00478,"{'price_above_30w_ma': False, '30w_ma_rising': False, 'price_above_10w_ma': True, 'relative_strength_positive': True, 'near_52w_high': True}",leading,leading,101.08,103.36,-0.03,2.25,False,False,2026-06-19 ratio=101.11 momentum=101.11; 2026-06-22 ratio=100.82 momentum=102.82; 2026-06-23 ratio=100.65 momentum=101.14; 2026-06-24 ratio=99.59 momentum=100.58; 2026-06-25 ratio=101.08 momentum=103.36,False
industry,Plastic Products - Industrial,equal_weight_top_members,Capital Goods,Industrial Products,10,https://www.screener.in/market/IN07/IN0702/IN070205/IN070205009/,,stage_2,5,121.88,109.52,0.81,0.00507,"{'price_above_30w_ma': True, '30w_ma_rising': True, 'price_above_10w_ma': True, 'relative_strength_positive': True, 'near_52w_high': True}",weakening,weakening,100.76,98.66,-0.6,-0.33,False,False,2026-06-19 ratio=101.36 momentum=98.99; 2026-06-22 ratio=101.43 momentum=100.89; 2026-06-23 ratio=101.48 momentum=98.91; 2026-06-24 ratio=101.22 momentum=99.73; 2026-06-25 ratio=100.76 momentum=98.66,False
industry,Real Estate Investment Trusts (REITs),equal_weight_top_members,Realty,Realty,6,https://www.screener.in/market/IN02/IN0205/IN020501/IN020501003/,,not_stage_2,2,117.33,118.47,-0.24,0.00488,"{'price_above_30w_ma': False, '30w_ma_rising': False, 'price_above_10w_ma': True, 'relative_strength_positive': False, 'near_52w_high': True}",lagging,lagging,99.88,97.69,0.82,-0.99,False,False,2026-06-19 ratio=99.06 momentum=98.68; 2026-06-22 ratio=98.94 momentum=97.74; 2026-06-23 ratio=99.99 momentum=98.97; 2026-06-24 ratio=99.69 momentum=98.37; 2026-06-25 ratio=99.88 momentum=97.69,False
industry,Rubber,equal_weight_top_members,Capital Goods,Industrial Products,10,https://www.screener.in/market/IN07/IN0702/IN070205/IN070205011/,,stage_2,5,110.14,95.72,0.6,0.00458,"{'price_above_30w_ma': True, '30w_ma_rising': True, 'price_above_10w_ma': True, 'relative_strength_positive': True, 'near_52w_high': True}",weakening,weakening,101.14,99.65,0.07,1.45,False,False,2026-06-19 ratio=101.07 momentum=98.21; 2026-06-22 ratio=101.11 momentum=100.19; 2026-06-23 ratio=101.47 momentum=101.30; 2026-06-24 ratio=101.42 momentum=100.69; 2026-06-25 ratio=101.14 momentum=99.65,False
industry,Sponge Iron,equal_weight_top_members,Metals & Mining,Ferrous Metals,6,https://www.screener.in/market/IN01/IN0103/IN010301/IN010301003/,,not_stage_2,3,144.92,138.03,1.02,0.00602,"{'price_above_30w_ma': True, '30w_ma_rising': True, 'price_above_10w_ma': False, 'relative_strength_positive': False, 'near_52w_high': True}",lagging,lagging,97.87,96.7,-1.83,-0.79,False,False,2026-06-19 ratio=99.70 momentum=97.49; 2026-06-22 ratio=99.21 momentum=96.78; 2026-06-23 ratio=99.17 momentum=96.68; 2026-06-24 ratio=98.45 momentum=96.37; 2026-06-25 ratio=97.87 momentum=96.70,False
industry,Stationary,equal_weight_top_members,Fast Moving Consumer Goods,Household Products,7,https://www.screener.in/market/IN04/IN0401/IN040106/IN040106004/,,not_stage_2,1,92.33,95.67,-1.85,0.00384,"{'price_above_30w_ma': False, '30w_ma_rising': False, 'price_above_10w_ma': False, 'relative_strength_positive': False, 'near_52w_high': True}",lagging,lagging,98.86,99.91,0.36,1.11,False,False,2026-06-19 ratio=98.50 momentum=98.79; 2026-06-22 ratio=99.25 momentum=100.55; 2026-06-23 ratio=99.53 momentum=100.78; 2026-06-24 ratio=99.55 momentum=100.63; 2026-06-25 ratio=98.86 momentum=99.91,False
industry,Telecom - Infrastructure,equal_weight_top_members,Telecommunic ation,Telecom - Services,8,https://www.screener.in/market/IN10/IN1001/IN100101/IN100101002/,,stage_2,5,107.65,86.04,3.59,0.00448,"{'price_above_30w_ma': True, '30w_ma_rising': True, 'price_above_10w_ma': True, 'relative_strength_positive': True, 'near_52w_high': True}",leading,leading,101.21,102.18,-0.55,2.12,False,False,2026-06-19 ratio=101.76 momentum=100.06; 2026-06-22 ratio=101.64 momentum=100.89; 2026-06-23 ratio=101.38 momentum=100.50; 2026-06-24 ratio=101.13 momentum=100.88; 2026-06-25 ratio=101.21 momentum=102.18,False
